{"val_loss":{"0":5.2619301319,"1":3.5932338953,"2":3.6992794275,"3":2.7818194628,"4":3.3582027435,"5":3.0733811378,"6":3.0393529177,"7":3.1149845839,"8":2.853447938,"9":2.8766870737,"10":2.2710261583,"11":2.1106069684,"12":2.9718587637,"13":2.4799608707,"14":2.2973158598,"15":2.1974089622,"16":2.2869931459,"17":1.967097199,"18":1.6844415188,"19":1.6895042896},"val_accuracy":{"0":0.4751000106,"1":0.5339999795,"2":0.5019999743,"3":0.5400999784,"4":0.4941000044,"5":0.5264000297,"6":0.4950000048,"7":0.4819000065,"8":0.5393999815,"9":0.4796000123,"10":0.5103999972,"11":0.5389999747,"12":0.5289999843,"13":0.5174999833,"14":0.5052999854,"15":0.5088000298,"16":0.5203999877,"17":0.5130000114,"18":0.5580999851,"19":0.5468999743},"loss":{"0":8.8736488938,"1":4.701705271,"2":3.7426612318,"3":3.3253395975,"4":3.1300973535,"5":2.9058050215,"6":2.7874825954,"7":2.6457858443,"8":2.5428957582,"9":2.4564655334,"10":2.3576622546,"11":2.2787003428,"12":2.1527962178,"13":2.0928714544,"14":2.0011546254,"15":1.9366756022,"16":1.8510626495,"17":1.78865785,"18":1.7394260168,"19":1.6656195402},"accuracy":{"0":0.4025000036,"1":0.4932000041,"2":0.5151000023,"3":0.519299984,"4":0.5213750005,"5":0.5274500251,"6":0.5275999904,"7":0.5314000249,"8":0.5261750221,"9":0.5328999758,"10":0.5335000157,"11":0.5320500135,"12":0.5358250141,"13":0.543200016,"14":0.5433999896,"15":0.5411999822,"16":0.5415499806,"17":0.5511000156,"18":0.5482249856,"19":0.5541750193}}